name,age,city
John Smith,32,New York
Jane Doe,28,Los Angeles
Peter Jones,45,London
Mary Williams,22,Paris
Robert Brown,50,Tokyo
Linda Davis,35,Sydney
Michael Miller,41,Berlin
Jessica Garcia,29,Mexico City
David Rodriguez,38,Sao Paulo
Sarah Wilson,25,Mumbai
James Martinez,55,Cairo
Elizabeth Anderson,31,Moscow
Charles Thomas,48,Beijing
Patricia Jackson,27,Rio de Janeiro
Thomas White,33,Cape Town
Jennifer Harris,40,Nairobi
Christopher Martin,23,Singapore
Nancy Thompson,52,Seoul
Daniel Taylor,36,Rome
Lisa Clark,44,Madrid
Paul Lewis,30,Toronto
Karen Walker,39,Amsterdam
Mark Hall,47,Brussels
Betty Allen,26,Vienna
George Young,58,Stockholm
Sandra King,34,Oslo
Steven Wright,42,Helsinki
Barbara Scott,51,Copenhagen
Edward Green,24,Warsaw
Helen Adams,49,Prague
Donald Baker,37,Budapest
Sharon Nelson,46,Athens
Kenneth Carter,53,Lisbon
Donna Perez,21,Dublin
Joshua Roberts,56,Edinburgh
Carol Turner,43,Zurich
Brian Phillips,35,Geneva
Amy Campbell,54,Barcelona
Kevin Parker,29,Milan
Rebecca Evans,40,Florence
Ronald Edwards,32,Venice
Shirley Collins,48,Munich
Timothy Stewart,28,Hamburg
Cynthia Morris,50,Frankfurt
Jason Rogers,31,Cologne
Ruth Reed,25,Dresden
Jeffrey Cook,45,Stuttgart
Deborah Morgan,38,Leipzig
Gary Bell,22,Hanover
Laura Murphy,57,Nuremberg
Joseph Bailey,36,Bremen
Maria Rivera,41,Dusseldorf
Ryan Cooper,27,Essen
Samantha Kelly,49,Dortmund
Nicholas Cox,52,Duisburg
Helen Howard,30,Bochum
Scott Ward,44,Wuppertal
Christine Peterson,26,Bielefeld
Eric Gray,55,Bonn
Sharon James,33,Münster
Stephen Brooks,47,Karlsruhe
Anna Washington,24,Mannheim
Gregory Sanders,58,Wiesbaden
Pamela Price,39,Gelsenkirchen
Frank Bennett,31,Mönchengladbach
Katherine Wood,42,Braunschweig
Raymond Ross,28,Chemnitz
Kelly Barnes,50,Halle
Alexander Butler,34,Magdeburg
Jessica Fisher,46,Freiburg
Dennis Jenkins,29,Krefeld
Beverly Perry,53,Mainz
Walter Long,21,Lübeck
Martha Foster,56,Rostock
Patrick Simmons,43,Erfurt
Virginia Bryant,35,Kassel
Howard Griffin,54,Hagen
Christina Diaz,40,Potsdam
Jose Russell,32,Ludwigshafen
Teresa Gomez,48,Oldenburg
Arthur Hayes,28,Leverkusen
Amanda Myers,50,Osnabrück
Peter Olson,31,Heidelberg
Sandra Ford,25,Darmstadt
Philip Graham,45,Paderborn
Joyce Sullivan,38,Würzburg
Harold Wallace,22,Regensburg
Nicole Schmidt,57,Ingolstadt
Douglas Stone,36,Fürth
Christine Marshall,41,Ulm
Roger Grant,27,Offenbach
Megan Hanson,49,Bottrop
Bruce Weaver,52,Trier
Evelyn Rose,30,Jena
Bobby Boyd,44,Reutlingen
Georgia Wells,26,Moers
Austin Olson,55,Koblenz
Judith Obrien,33,Bergisch Gladbach
Lawrence Stone,47,Remscheid
Sean Lane,24,Salzgitter